,Strikes,Net Cost,Max Loss,Max Profit,Lower Breakeven,Upper Breakeven
0,4500,135951.8407,135951.8407,Infinity,3140.481593,5859.518407
1,4778.5,125083.55951,125083.55951,Infinity,3527.6644048999997,6029.3355951
2,5057.3,105687.656,105687.656,Infinity,4000.4234400000005,6114.17656
3,5378.5,102460.552,102460.552,Infinity,4353.89448,6403.10552
4,5657.3,105173.33630000001,105173.33630000001,Infinity,4605.566637,6709.0333630000005
5,5957.3,136647.685,136647.685,Infinity,4590.82315,7323.77685
6,6178.5,120980.700162,120980.700162,Infinity,4968.69299838,7388.30700162
7,6357.3,140379.024,140379.024,Infinity,4953.50976,7761.09024
